{
  "reference_id": "arion_from_processed_eval_gt_2026-03-16",
  "scene": "composite_stepped_facade",
  "source": "GT from processed_eval_report.json + derived door2 from PDF layout",
  "image_size": [
    2414,
    908
  ],
  "targets": {
    "facade_bbox": [
      77,
      124,
      2227,
      643
    ],
    "socle_bbox": [
      78,
      640,
      2236,
      222
    ],
    "facade_contour": [
      [
        2304,
        151
      ],
      [
        2160,
        151
      ],
      [
        2159,
        289
      ],
      [
        1868,
        289
      ],
      [
        1866,
        162
      ],
      [
        1667,
        162
      ],
      [
        1666,
        280
      ],
      [
        1327,
        280
      ],
      [
        1325,
        426
      ],
      [
        87,
        426
      ],
      [
        88,
        729
      ],
      [
        1330,
        729
      ],
      [
        1332,
        617
      ],
      [
        2304,
        617
      ]
    ],
    "socle_contour": [
      [
        2370,
        616
      ],
      [
        2360,
        649
      ],
      [
        91,
        814
      ],
      [
        88,
        729
      ],
      [
        88,
        814
      ],
      [
        2360,
        650
      ]
    ],
    "facade_contour_norm_in_bbox": [
      [
        1.0,
        0.041991
      ],
      [
        0.935339,
        0.041991
      ],
      [
        0.93489,
        0.25661
      ],
      [
        0.804221,
        0.25661
      ],
      [
        0.803323,
        0.059098
      ],
      [
        0.713965,
        0.059098
      ],
      [
        0.713516,
        0.242613
      ],
      [
        0.561293,
        0.242613
      ],
      [
        0.560395,
        0.469673
      ],
      [
        0.00449,
        0.469673
      ],
      [
        0.004939,
        0.940902
      ],
      [
        0.56264,
        0.940902
      ],
      [
        0.563538,
        0.766719
      ],
      [
        1.0,
        0.766719
      ]
    ],
    "socle_contour_norm_in_facade_bbox": [
      [
        1.0,
        0.765163
      ],
      [
        1.0,
        0.816485
      ],
      [
        0.006286,
        1.0
      ],
      [
        0.004939,
        0.940902
      ],
      [
        0.004939,
        1.0
      ],
      [
        1.0,
        0.81804
      ]
    ],
    "window_boxes": [
      [
        1962,
        392,
        161,
        133
      ],
      [
        1475,
        403,
        181,
        134
      ],
      [
        833,
        541,
        182,
        128
      ],
      [
        439,
        543,
        82,
        128
      ],
      [
        642,
        543,
        44,
        126
      ],
      [
        172,
        544,
        179,
        130
      ]
    ],
    "door_boxes": [
      [
        521,
        552,
        122,
        212
      ],
      [
        1160,
        552,
        125,
        212
      ]
    ],
    "window_boxes_norm_in_facade_bbox": [
      {
        "x": 0.84643,
        "y": 0.416796,
        "w": 0.072295,
        "h": 0.206843
      },
      {
        "x": 0.62775,
        "y": 0.433904,
        "w": 0.081275,
        "h": 0.208398
      },
      {
        "x": 0.33947,
        "y": 0.648523,
        "w": 0.081724,
        "h": 0.199067
      },
      {
        "x": 0.162551,
        "y": 0.651633,
        "w": 0.036821,
        "h": 0.199067
      },
      {
        "x": 0.253705,
        "y": 0.651633,
        "w": 0.019758,
        "h": 0.195956
      },
      {
        "x": 0.042658,
        "y": 0.653188,
        "w": 0.080377,
        "h": 0.202177
      }
    ],
    "door_boxes_norm_in_facade_bbox": [
      {
        "x": 0.199371,
        "y": 0.66563,
        "w": 0.054782,
        "h": 0.329705
      },
      {
        "x": 0.486304,
        "y": 0.66563,
        "w": 0.056129,
        "h": 0.329705
      }
    ]
  }
}