{
  "reference_id": "arion_proposed_from_raw_2026-03-16",
  "scene": "composite_stepped_facade",
  "source": "derived from detector output on raw image — needs human visual review",
  "image_size": [
    2414,
    908
  ],
  "targets": {
    "facade_bbox": [
      135,
      176,
      2226,
      544
    ],
    "socle_bbox": [
      135,
      544,
      2226,
      356
    ],
    "facade_contour": [
      [
        2360,
        176
      ],
      [
        1600,
        176
      ],
      [
        1665,
        191
      ],
      [
        1669,
        280
      ],
      [
        1586,
        311
      ],
      [
        1681,
        319
      ],
      [
        1321,
        313
      ],
      [
        1314,
        269
      ],
      [
        1280,
        311
      ],
      [
        1360,
        377
      ],
      [
        1311,
        432
      ],
      [
        468,
        432
      ],
      [
        417,
        460
      ],
      [
        399,
        432
      ],
      [
        136,
        432
      ],
      [
        138,
        713
      ],
      [
        518,
        719
      ],
      [
        2360,
        543
      ],
      [
        2360,
        433
      ],
      [
        2292,
        430
      ],
      [
        2292,
        306
      ],
      [
        2360,
        311
      ]
    ],
    "socle_contour": [
      [
        2360,
        544
      ],
      [
        518,
        720
      ],
      [
        138,
        714
      ],
      [
        135,
        893
      ],
      [
        518,
        899
      ],
      [
        2354,
        724
      ]
    ],
    "facade_contour_norm_in_bbox": [
      [
        0.999551,
        0.0
      ],
      [
        0.658131,
        0.0
      ],
      [
        0.687332,
        0.027574
      ],
      [
        0.689128,
        0.191176
      ],
      [
        0.651842,
        0.248162
      ],
      [
        0.694519,
        0.262868
      ],
      [
        0.532794,
        0.251838
      ],
      [
        0.52965,
        0.170956
      ],
      [
        0.514376,
        0.248162
      ],
      [
        0.550314,
        0.369485
      ],
      [
        0.528302,
        0.470588
      ],
      [
        0.149596,
        0.470588
      ],
      [
        0.126685,
        0.522059
      ],
      [
        0.118598,
        0.470588
      ],
      [
        0.000449,
        0.470588
      ],
      [
        0.001348,
        0.987132
      ],
      [
        0.172058,
        0.998162
      ],
      [
        0.999551,
        0.674632
      ],
      [
        0.999551,
        0.472426
      ],
      [
        0.969003,
        0.466912
      ],
      [
        0.969003,
        0.238971
      ],
      [
        0.999551,
        0.248162
      ]
    ],
    "socle_contour_norm_in_facade_bbox": [
      [
        0.999551,
        0.676471
      ],
      [
        0.172058,
        1.0
      ],
      [
        0.001348,
        0.988971
      ],
      [
        0.0,
        1.0
      ],
      [
        0.172058,
        1.0
      ],
      [
        0.996855,
        1.0
      ]
    ],
    "window_boxes": [
      [
        1424,
        410,
        266,
        166
      ],
      [
        1912,
        475,
        233,
        137
      ],
      [
        776,
        510,
        166,
        192
      ],
      [
        339,
        583,
        160,
        137
      ],
      [
        589,
        601,
        27,
        95
      ],
      [
        737,
        601,
        27,
        95
      ]
    ],
    "door_boxes": [
      [
        1262,
        544,
        122,
        176
      ],
      [
        626,
        588,
        101,
        132
      ]
    ],
    "window_boxes_norm_in_facade_bbox": [
      {
        "x": 0.579066,
        "y": 0.430147,
        "w": 0.119497,
        "h": 0.305147
      },
      {
        "x": 0.798293,
        "y": 0.549632,
        "w": 0.104672,
        "h": 0.251838
      },
      {
        "x": 0.28796,
        "y": 0.613971,
        "w": 0.074573,
        "h": 0.352941
      },
      {
        "x": 0.091644,
        "y": 0.748162,
        "w": 0.071878,
        "h": 0.251838
      },
      {
        "x": 0.203953,
        "y": 0.78125,
        "w": 0.012129,
        "h": 0.174632
      },
      {
        "x": 0.27044,
        "y": 0.78125,
        "w": 0.012129,
        "h": 0.174632
      }
    ],
    "door_boxes_norm_in_facade_bbox": [
      {
        "x": 0.506289,
        "y": 0.676471,
        "w": 0.054807,
        "h": 0.323529
      },
      {
        "x": 0.220575,
        "y": 0.757353,
        "w": 0.045373,
        "h": 0.242647
      }
    ]
  }
}