{
  "reference_id": "muntean_stanga_processed_reference",
  "scene": "sparse_openings_flat",
  "processed_reference_path": "detector cantitati\\procesate\\2 imagini pe fundal alb 2 imagini pe fundal negru\\MUNTEAN LUCRETIA_colorized_fatada_stanga_procesat.png",
  "image_size": [
    1553,
    1178
  ],
  "targets": {
    "facade_bbox": [
      143,
      201,
      1229,
      829
    ],
    "socle_bbox": [
      143,
      1027,
      1234,
      79
    ],
    "facade_contour": [
      [
        143,
        578
      ],
      [
        144,
        1027
      ],
      [
        1371,
        1029
      ],
      [
        1371,
        597
      ],
      [
        1078,
        597
      ],
      [
        1076,
        571
      ],
      [
        1044,
        570
      ],
      [
        1044,
        527
      ],
      [
        703,
        201
      ],
      [
        634,
        201
      ]
    ],
    "socle_contour": [
      [
        143,
        1027
      ],
      [
        144,
        1083
      ],
      [
        1376,
        1105
      ],
      [
        1375,
        1028
      ],
      [
        1373,
        1104
      ],
      [
        146,
        1081
      ]
    ],
    "facade_contour_norm_in_bbox": [
      [
        0.0,
        0.454765
      ],
      [
        0.000814,
        0.996381
      ],
      [
        0.999186,
        0.998794
      ],
      [
        0.999186,
        0.477684
      ],
      [
        0.760781,
        0.477684
      ],
      [
        0.759154,
        0.446321
      ],
      [
        0.733116,
        0.445115
      ],
      [
        0.733116,
        0.393245
      ],
      [
        0.455655,
        0.0
      ],
      [
        0.399512,
        0.0
      ]
    ],
    "socle_contour_norm_in_facade_bbox": [
      [
        0.0,
        0.996381
      ],
      [
        0.000814,
        1.063932
      ],
      [
        1.003255,
        1.09047
      ],
      [
        1.002441,
        0.997587
      ],
      [
        1.000814,
        1.089264
      ],
      [
        0.002441,
        1.06152
      ]
    ]
  }
}